{"cameraMode":{"drawMode":0,"name":"Shaded","section":"Shading Mode"},"sceneLighting":true,"audioPlay":false,"sceneViewState":{"m_AlwaysRefresh":false,"showFog":true,"showSkybox":true,"showFlares":true,"showImageEffects":true,"showParticleSystems":true,"showVisualEffectGraphs":true,"m_FxEnabled":false},"in2DMode":false,"pivot":{"x":54.93424987792969,"y":-30.767595291137697,"z":100.20653533935547},"rotation":{"x":0.4590164124965668,"y":0.05621814355254173,"z":-0.029035935178399087,"w":0.8862149119377136},"size":220.32652282714845,"orthographic":false}